site_id,type,year,month,date,NDVI,NDMI,BSI,S2_n_valid,S2_valid_frac,LST,LST_unc,L_n_valid,L_valid_frac
veprek,FVE_buffer,2017,3,2017-03,0.30682936429614,-0.1235463695307373,0.10879597077034565,1.0,1.0,17.66670183526482,3.2837887205417857,1.0,1.0
veprek,ctrl,2017,3,2017-03,0.384792185438857,-0.10774007819470682,0.13357054528387655,1.0,1.0,18.314201834736586,2.177791965226552,1.0,1.0
veseli,FVE_buffer,2017,3,2017-03,0.35394076602112584,-0.0844150031394931,0.08424095560613926,2.0,1.0,10.980270375851246,2.231565655709931,1.0,1.0
veseli,ctrl,2017,3,2017-03,0.17158208779703693,-0.19264733133863235,0.23549958880683164,2.0,1.0,13.578202802738131,2.240440683120615,1.0,1.0
turany,FVE_buffer,2017,3,2017-03,0.24056488810373178,-0.20849474729144726,0.14495680852254386,2.0,1.0,1.4930589678647563,3.895859687695965,1.0,0.9825427493458283
turany,ctrl,2017,3,2017-03,0.5935722819258527,-6.291077107693042E-4,0.03275720445121127,2.0,1.0,2.824672660163038,3.744907589580748,1.0,0.9921093090558304
stribro,FVE_buffer,2017,3,2017-03,0.24443741325685317,-0.20424770765556333,0.1539529782781863,2.0,1.0,21.33861993459118,3.1036805408831585,1.0,1.0
stribro,ctrl,2017,3,2017-03,0.4601225114426438,0.044350153280150545,0.02278391882836793,2.0,1.0,19.136652166716697,3.0388993732617426,1.0,1.0
sokolnice,FVE_buffer,2017,3,2017-03,0.3149273467081955,-0.16556993883130067,0.1245632693341049,2.0,1.0,2.3688842416315343,4.0545688585607955,1.0,0.12749130022144897
sokolnice,ctrl,2017,3,2017-03,0.27937354360687017,-0.2791039823216768,0.2626284979127301,2.0,1.0,3.779192084182522,3.942202341012452,1.0,0.06542192827146223
brest,FVE_buffer,2017,3,2017-03,0.38845718757631686,-0.10218047988828914,0.08007208415955236,2.0,1.0,,,,0.0
brest,ctrl,2017,3,2017-03,0.2532550325717134,-0.2808019737155183,0.282633403947283,2.0,1.0,,,,0.0
sevetin,FVE_buffer,2017,3,2017-03,0.3976322770795498,-0.08435943324711884,0.07361290850360781,1.0,1.0,15.606724534124565,2.165032911096166,1.0,1.0
sevetin,ctrl,2017,3,2017-03,0.465673551292202,0.0759970026686847,-0.004756771650852075,1.0,1.0,14.589333621814895,2.141128558303927,1.0,1.0
veprek,FVE_buffer,2017,4,2017-04,0.4445592148451942,-0.009794480285126668,0.020011790765178596,2.0,1.0,23.955510394413885,2.1396862283651124,1.0,1.0
veprek,ctrl,2017,4,2017-04,0.44593145222739483,-0.025529696348718767,0.06179029708565195,1.5551480369594097,1.0,23.314502836437043,3.048511683350893,1.999994731296101,1.0
veseli,FVE_buffer,2017,4,2017-04,0.4629380472790615,0.0463120765375234,-0.01989220444969359,1.9211600138527105,1.0,25.596922779975813,2.579281345306672,1.943959674686547,1.0
veseli,ctrl,2017,4,2017-04,0.18887850408770931,-0.15378841213783298,0.20291238883461063,1.9624413814729815,1.0,30.022434964271138,2.472566644174753,2.0,1.0
turany,FVE_buffer,2017,4,2017-04,0.31161557212428387,-0.13290852410832824,0.08837500216642082,2.0428064885767108,1.0,26.44437697713957,2.186650451834724,2.0,1.0
turany,ctrl,2017,4,2017-04,0.7357143468360308,0.19916525889487122,-0.1637799722363373,2.0,1.0,26.723983999121664,2.1439958775473347,2.0,1.0
stribro,FVE_buffer,2017,4,2017-04,0.43532402755082206,-0.05198492624537127,0.04123163727698715,1.9889698650863694,0.8215871656572217,18.796176546800023,4.95725545299145,1.8045948717948703,0.9088253936689824
stribro,ctrl,2017,4,2017-04,0.6956500700027309,0.2571433849139186,-0.19600276998526678,2.0,1.0,18.037536702849387,5.090420694190034,1.9371001831759895,0.8247147140167802
sokolnice,FVE_buffer,2017,4,2017-04,0.41099041607586667,-0.04952342431792557,0.03743238684941804,2.0,1.0,27.546591150866835,2.159805441316038,2.0,1.0
sokolnice,ctrl,2017,4,2017-04,0.2904638855087,-0.24705043312421474,0.2281200632017628,2.0,1.0,32.97728905815194,2.1303039902840086,2.0,1.0
brest,FVE_buffer,2017,4,2017-04,0.44121184949097086,0.08832514647868572,-0.0685942248472535,2.506571571811146,1.0,23.22124262084316,2.0499792621022683,3.0,0.3662664807445952
brest,ctrl,2017,4,2017-04,0.23441753075338828,-0.2291575357881921,0.2372474735875708,2.781421536010925,1.0,,,,0.0
sevetin,FVE_buffer,2017,4,2017-04,0.48278282352946505,0.0041853577403104915,0.010566412484567132,2.0,1.0,24.451952210604706,2.6599450994158884,1.0,1.0
sevetin,ctrl,2017,4,2017-04,0.6081883392848593,0.19287296661546377,-0.12506725763400559,2.0,1.0,21.023623220036637,2.8415114770424084,1.0,1.0
veprek,FVE_buffer,2017,5,2017-05,0.6032085704908182,0.15644431222308386,-0.1201337666129239,2.369779344495389,1.0,32.28577217525423,2.632148514202237,1.3868866553247925,1.0
veprek,ctrl,2017,5,2017-05,0.6481580839221114,0.25447265542583414,-0.21820600906780227,1.6624505028810705,1.0,31.772942640789353,2.1284509483666967,1.0013435194942044,1.0
veseli,FVE_buffer,2017,5,2017-05,0.6230627480038239,0.17811043920009323,-0.13204026813582537,4.0,1.0,31.46946097628002,2.5690513385293086,2.0,1.0
veseli,ctrl,2017,5,2017-05,0.20134859479644274,-0.11985048036521581,0.17310762917449474,4.0,1.0,38.09318017369884,2.515098766429387,2.0,1.0
turany,FVE_buffer,2017,5,2017-05,0.48159388561021493,-0.03383603577599008,0.013023526662165094,4.937985688354972,1.0,26.34644509081175,3.4827141650946247,3.0430612182802887,1.0
turany,ctrl,2017,5,2017-05,0.8845898687781819,0.45690752517333333,-0.4252271046561415,5.0,1.0,22.50888473871755,3.7201512194018993,2.2323571084046776,1.0
stribro,FVE_buffer,2017,5,2017-05,0.6069076359278137,0.1055520152402253,-0.0869229728559114,6.5432344146022325,1.0,29.091107493443932,3.5553759585389195,3.731820385031257,1.0
stribro,ctrl,2017,5,2017-05,0.8610948091831601,0.47090512990637673,-0.4221942169256187,6.063086309388094,1.0,24.341349330395094,3.6682954888790693,3.071722406860806,1.0
sokolnice,FVE_buffer,2017,5,2017-05,0.5799468624899499,0.0924645895453777,-0.07718010894624441,4.888825256028687,1.0,32.3320370573011,2.665721488453027,2.0,1.0
sokolnice,ctrl,2017,5,2017-05,0.45778301382581416,-0.06054690979085251,0.06170267196263569,4.991371074676187,1.0,35.11947290523784,2.6831410622222855,2.0,1.0
brest,FVE_buffer,2017,5,2017-05,0.6134510056910961,0.12198543708556527,-0.09823558420898608,4.0,1.0,33.7740094062542,3.148414634146341,2.0,0.3662664807445952
brest,ctrl,2017,5,2017-05,0.2221803080335306,-0.2627892713501191,0.269754553999985,4.0,1.0,,,,0.0
sevetin,FVE_buffer,2017,5,2017-05,0.5587599278346916,0.12737170954950852,-0.06775691220980735,4.087736254877337,1.0,29.367799893734098,3.8977639469911938,2.0,1.0
sevetin,ctrl,2017,5,2017-05,0.6997517343577251,0.36185312110706397,-0.2768852064585883,4.4495475890505105,1.0,24.233049757524007,3.5968049779436004,2.0,1.0
veprek,FVE_buffer,2017,6,2017-06,0.33846427123469575,-0.08516635139767482,0.10333788447104095,2.327406754608403,1.0,40.36679662058604,2.097064670545255,2.0,1.0
veprek,ctrl,2017,6,2017-06,0.7202788976774743,0.3560281642731604,-0.2841192079326832,2.5970319143549476,1.0,32.54282324182697,2.0454251844046456,2.0,1.0
veseli,FVE_buffer,2017,6,2017-06,0.46711074613300774,-0.02418067528907512,0.05125770086828249,1.0,1.0,35.747715271596704,2.404643425957302,2.254490003388682,1.0
veseli,ctrl,2017,6,2017-06,0.6763825083343384,0.21724360831279654,-0.15021080237956708,1.0,1.0,36.01140606536946,2.3662111658097555,2.191559830075175,1.0
turany,FVE_buffer,2017,6,2017-06,0.41179094793449994,-0.10731016261015956,0.08684845122908876,2.683077679715255,1.0,41.017070745583744,2.412204215602743,1.3107466682894184,1.0
turany,ctrl,2017,6,2017-06,0.40291080580584804,0.08989715353100204,0.0177227236952679,2.6134903317530775,1.0,34.75319401884039,3.4311231987821103,2.2899885445556487,1.0
stribro,FVE_buffer,2017,6,2017-06,0.41592878066369354,0.026093650794529608,0.012040529654972884,1.939021143109144,0.3319940054834613,35.487838317758296,2.086316973440549,3.2336162861510545,1.0
stribro,ctrl,2017,6,2017-06,0.7154380563428462,0.3556346691395901,-0.2770236769771263,1.9079061748166741,0.23853666469061297,29.44360887344129,2.142814240670582,3.9486988789984583,1.0
sokolnice,FVE_buffer,2017,6,2017-06,0.44725478013849024,-0.08781929863931753,0.08337080923483345,2.8790337700077338,1.0,36.37269210752928,2.0414653195191383,2.260162923125595,1.0
sokolnice,ctrl,2017,6,2017-06,0.7555224416523377,0.32548205024898336,-0.26950653597274454,2.704892813076257,1.0,29.87710068059773,2.1434893889953814,2.663120723040829,1.0
brest,FVE_buffer,2017,6,2017-06,0.4656442494123724,0.04485982496261776,-0.024141010516539625,1.7215666465963115,1.0,30.972260327140965,4.3657928376872635,2.9479385910610385,0.3662664807445952
brest,ctrl,2017,6,2017-06,0.5786706221000745,0.16628488335266325,-0.1191217451254378,2.0,1.0,,,,0.0
sevetin,FVE_buffer,2017,6,2017-06,0.4301733018440372,-0.0486319613129806,0.07089399259608077,5.677568640283628,1.0,37.658293146710086,2.7450662610069334,2.0,1.0
sevetin,ctrl,2017,6,2017-06,0.7278668294384929,0.4170504851876587,-0.35038447009322643,5.700528338697751,1.0,30.489366871269407,2.67757372588348,2.0,1.0
veprek,FVE_buffer,2017,7,2017-07,0.4788290287354721,-0.013037872650559109,0.03281761078921935,3.6639945067773145,1.0,34.26471385438543,2.9527809026626777,2.0005938090849145,1.0
veprek,ctrl,2017,7,2017-07,0.4553317632690065,0.0803102561290646,-0.04690960217845164,2.4018775319300136,1.0,27.90815798733622,2.730264805057977,1.252086406743941,1.0
veseli,FVE_buffer,2017,7,2017-07,0.3838829957934031,-0.11808301927345215,0.1229817956956419,3.9137922921717148,1.0,39.47651089289725,3.46841765503219,2.0,1.0
veseli,ctrl,2017,7,2017-07,0.8099864167167595,0.3680602040145138,-0.3210072621210561,3.6453874088750142,1.0,34.509724000473156,3.224254179219373,2.0,1.0
turany,FVE_buffer,2017,7,2017-07,0.3538239432994863,-0.15901210767137272,0.12013946066412305,2.611170451895092,1.0,38.599309492303014,2.504122345280845,1.0,1.0
turany,ctrl,2017,7,2017-07,0.1485414857641485,-0.23877718710565096,0.25065398957967366,2.90960980372127,1.0,38.439116547518566,2.5071652297118154,1.0,1.0
stribro,FVE_buffer,2017,7,2017-07,0.4400384374115212,-0.09624295444307429,0.07973678370859731,3.8560929288185575,1.0,18.827523823345697,5.655257778061709,1.0,0.3890829097326655
stribro,ctrl,2017,7,2017-07,0.4819197090357272,0.10841827041331287,-0.017981525478689527,3.9162873016023307,1.0,,,,0.0
sokolnice,FVE_buffer,2017,7,2017-07,0.46983590243456136,-0.09311788632137767,0.07760406385310711,2.266930409411544,1.0,36.01764714979405,3.7062209348307547,1.1666139407360543,1.0
sokolnice,ctrl,2017,7,2017-07,0.618394363457811,0.1959013327733919,-0.15112714102470484,2.1552984386760525,1.0,31.17023947716293,3.7241822380903504,1.1388966115996744,1.0
brest,FVE_buffer,2017,7,2017-07,0.4171965625478944,-0.1506632700783008,0.1329046116558357,2.0,1.0,29.38905616671568,5.1493000185712505,3.5820539804382827,0.3662664807445952
brest,ctrl,2017,7,2017-07,0.8770333114925136,0.4414755858342884,-0.3995360504437343,2.0,1.0,,,,0.0
sevetin,FVE_buffer,2017,7,2017-07,0.4269930105224212,-0.13818327330571417,0.13560042164803654,2.1235909766158745,1.0,34.57791523748479,3.3788726364957165,3.0,1.0
sevetin,ctrl,2017,7,2017-07,0.24700923687245405,-0.0017033203740407334,0.08851975856332353,3.4726048476887033,1.0,31.02993795635571,3.2061947625693406,2.866476376158049,1.0
veprek,FVE_buffer,2017,8,2017-08,0.46939613776655703,-0.0075769499412739385,0.018037963356392343,3.4192555744516597,1.0,31.146707487703033,2.1432357677077225,4.0,1.0
veprek,ctrl,2017,8,2017-08,0.4433543546084529,0.03423735298775326,0.0033113235774719753,2.4724175667539754,1.0,32.49191746609647,2.1328991438356195,3.7096654373024234,1.0
veseli,FVE_buffer,2017,8,2017-08,0.40669155844140886,-0.06850869555191927,0.06424785982265119,6.0,1.0,36.43832975976248,2.3195876397831285,2.9204676380887835,1.0
veseli,ctrl,2017,8,2017-08,0.5705946840434121,0.15972502974438993,-0.09316061395197174,5.831019211408907,1.0,32.68536764949714,2.3382050502266494,2.8649724870037914,1.0
turany,FVE_buffer,2017,8,2017-08,0.32202526747838706,-0.1888958488888476,0.13700399760787105,4.0,1.0,39.214086788305735,2.3588955911884577,1.0,1.0
turany,ctrl,2017,8,2017-08,0.18341822909185404,-0.278727891911015,0.274234589082744,4.0,1.0,45.39634015296356,2.3379842186181103,1.0,1.0
stribro,FVE_buffer,2017,8,2017-08,0.4554626769676659,-0.09939455808319349,0.06973467621102585,7.9579389360423765,1.0,33.546607756038476,1.8804989373733865,3.197275698785746,1.0
stribro,ctrl,2017,8,2017-08,0.1736351457143822,-0.17284834434350788,0.20869624552157945,8.010043458845741,1.0,35.20807767828922,2.269986713768865,4.982491613792883,1.0
sokolnice,FVE_buffer,2017,8,2017-08,0.48094181709230915,-0.07550956617595003,0.058387563323062566,4.0,1.0,38.15134566172095,2.325596857534531,1.0,1.0
sokolnice,ctrl,2017,8,2017-08,0.38553795706549077,-0.10764276205315138,0.13519083822259928,3.9346355113548617,1.0,39.35373766402957,2.2969281982996885,1.0,1.0
brest,FVE_buffer,2017,8,2017-08,0.4171047547260407,-0.12246571011035524,0.09593150563918501,3.5552367252233976,1.0,32.64325995959834,3.2653320512422845,1.9785973510344614,0.36548424763912984
brest,ctrl,2017,8,2017-08,0.8134577567207657,0.34497086871953664,-0.301466841181788,3.701344195315311,1.0,,,,0.0
sevetin,FVE_buffer,2017,8,2017-08,0.5361918532558931,0.031801206212166463,-0.014664406266019883,3.594669359653522,1.0,29.491725308582968,2.9461680757491533,3.981247988766346,1.0
sevetin,ctrl,2017,8,2017-08,0.2670251247974239,-0.06812038014872286,0.12634026431531797,3.256142589895883,1.0,28.179308760976326,3.168613287139962,3.999642328650878,1.0
veprek,FVE_buffer,2017,9,2017-09,,,,,0.0,18.231129847129047,3.6283995181871482,1.0,0.5655649018757818
veprek,ctrl,2017,9,2017-09,,,,,0.0,19.708271986578094,3.4510213857655394,1.0,0.13143572181243424
veseli,FVE_buffer,2017,9,2017-09,0.4044169851897393,-0.04168237547427277,0.047623498446463415,3.4954893996657286,1.0,29.76167107100813,4.567619408675037,1.6002880379532358,1.0
veseli,ctrl,2017,9,2017-09,0.41597020345645425,-0.04993091670454037,0.1238144762549458,3.9518693258875977,1.0,25.225061682431008,4.93208465823511,1.2192985392210771,0.9937703733974511
turany,FVE_buffer,2017,9,2017-09,0.23256718673201365,-0.16954743105333045,0.12544169263627572,4.841889110102318,1.0,,,,0.0
turany,ctrl,2017,9,2017-09,0.2051212083627341,-0.22652316043799078,0.23173248169830804,4.879540860839869,1.0,,,,0.0
stribro,FVE_buffer,2017,9,2017-09,,,,,0.0,,,,0.0
stribro,ctrl,2017,9,2017-09,0.21691931147098797,0.05419585986101864,0.033346856104920136,1.0724717876486074,0.051311724079779866,21.937619301501414,6.232919369786838,1.0,0.025077277058591113
sokolnice,FVE_buffer,2017,9,2017-09,0.4015956113465867,-0.0798077974242642,0.05974053032866393,5.659467202549745,1.0,,,,0.0
sokolnice,ctrl,2017,9,2017-09,0.3203851397169905,-0.22442422986877347,0.21935655372649368,5.18151522064613,1.0,,,,0.0
brest,FVE_buffer,2017,9,2017-09,0.40290432451089947,-0.023378247847657446,0.011553688876067909,2.0,1.0,,,,0.0
brest,ctrl,2017,9,2017-09,0.23479941446907582,-0.2318218649589905,0.22286280207435297,1.9350209589611769,1.0,,,,0.0
sevetin,FVE_buffer,2017,9,2017-09,0.3733633675897004,-0.03416363522018272,0.03372568600896421,1.4935664125015855,1.0,,,,0.0
sevetin,ctrl,2017,9,2017-09,0.38760123778308875,0.06720218386569375,-0.0032145474537539002,1.8470287668383127,1.0,,,,0.0
veprek,FVE_buffer,2018,3,2018-03,0.18178504864889747,-0.10150587461913188,0.08288593349365506,2.5215652285801355,1.0,,,,0.0
veprek,ctrl,2018,3,2018-03,0.1974645035478018,-0.20984359115715454,0.19442602687951271,2.872929418696237,1.0,1.0296520693550073,3.757661071756158,1.0,0.5083587987355116
veseli,FVE_buffer,2018,3,2018-03,0.19152393101741347,-0.1517682682208144,0.1325952956675675,2.3624535106078643,1.0,15.955233204641322,2.175167824466283,1.0,1.0
veseli,ctrl,2018,3,2018-03,0.16053250362070048,-0.1984556544666819,0.21740388729010837,2.034643463681193,1.0,17.317779767272683,2.172150527926411,1.0,1.0
turany,FVE_buffer,2018,3,2018-03,0.14304982221444146,-0.1839511353986737,0.1369674823799415,2.8654362279993113,1.0,,,,0.0
turany,ctrl,2018,3,2018-03,0.37920479381721506,0.009439035105649961,0.03688152251774066,3.0,1.0,12.737389404913198,5.605350326589133,1.0,0.23653231641143135
stribro,FVE_buffer,2018,3,2018-03,0.14659604274729396,-0.1504683038066941,0.10950472556394948,8.188440527904195,1.0,8.357692626727246,3.429850424429223,2.002585103341992,1.0
stribro,ctrl,2018,3,2018-03,0.37500066965111295,0.13525388688090256,-0.03159586592202271,8.0,1.0,7.117161984776788,3.582482743393684,2.2193428932220853,1.0
sokolnice,FVE_buffer,2018,3,2018-03,0.16851967821717564,-0.1784285884842708,0.11509023364771617,3.0587225516158507,1.0,12.687229781467218,5.700439332711635,1.0,0.1272144890857324
sokolnice,ctrl,2018,3,2018-03,0.24471306258267014,-0.2376510521328046,0.1838393405962039,3.396741990039129,1.0,14.693141826244386,4.922202081825141,1.0,0.6939660428342185
brest,FVE_buffer,2018,3,2018-03,0.2295122816468145,-0.11293232872696833,0.07252445279459763,4.488354575159284,1.0,12.887882773151086,4.40439682479825,1.9230711215023757,0.3006269201555397
brest,ctrl,2018,3,2018-03,0.5162382343623573,0.08441972435116957,-0.048947307804240094,4.123139845235123,1.0,,,,0.0
sevetin,FVE_buffer,2018,3,2018-03,0.18805572854310862,-0.008177270979492321,0.03191099906474528,1.6165245949955092,1.0,1.5555431973121832,2.7370437060075283,1.0,0.1191430438132015
sevetin,ctrl,2018,3,2018-03,0.37648865850836716,0.4106494314216776,-0.22669700147777108,2.0,1.0,,,,0.0
veprek,FVE_buffer,2018,4,2018-04,0.3723973898517253,-0.021950682257852915,0.030306418771593315,9.790435334661323,1.0,20.774160216060015,2.930497907096201,3.9566956528074773,1.0
veprek,ctrl,2018,4,2018-04,0.22940907338488584,-0.2071242958652345,0.22019919119420286,9.515048675398708,1.0,28.524835692542638,2.735247141728131,3.3541332982086436,1.0
veseli,FVE_buffer,2018,4,2018-04,0.37597278579449134,0.07290311106956364,-0.03281407917996105,6.911876251637492,1.0,30.059595180342964,2.643754828871571,2.0,1.0
veseli,ctrl,2018,4,2018-04,0.22421222088143908,-0.11127920276940288,0.14623359306551117,6.67821906316996,1.0,34.162107707197514,2.5862961282229167,1.999629358600306,1.0
turany,FVE_buffer,2018,4,2018-04,0.34956510663035806,-0.12088895960379394,0.08472708507007506,4.197573544075743,1.0,30.74542851091889,2.410606173553216,2.0,1.0
turany,ctrl,2018,4,2018-04,0.6417072911917585,0.3598098889489209,-0.25852287481890845,4.410439563199871,1.0,27.303150587098784,2.4245139726275147,2.0,1.0
stribro,FVE_buffer,2018,4,2018-04,0.3818144163153975,-0.07106145606195478,0.05445058150675598,13.09693022741854,1.0,24.65725703435456,2.8309103167994425,1.4459676116379363,1.0
stribro,ctrl,2018,4,2018-04,0.6167195898238118,0.3930515724113348,-0.29243631025887246,13.99724585695493,1.0,14.811306641951806,3.6403612073039424,1.8292467520394171,1.0
sokolnice,FVE_buffer,2018,4,2018-04,0.38984194837813724,-0.05619355306401129,0.036437093561919896,5.565230191464931,1.0,31.537850103680857,2.16147764420542,2.8725218812612052,1.0
sokolnice,ctrl,2018,4,2018-04,0.5356078774935301,-0.014835194732433587,0.021287523950316727,5.679420034777973,1.0,31.554457797825236,2.219788877345469,2.9308077630314644,1.0
brest,FVE_buffer,2018,4,2018-04,0.5534127866017059,0.12513996994601254,-0.10633292530061463,4.559863404016255,1.0,31.072082687173477,2.051051442367219,3.0,0.3662664807445952
brest,ctrl,2018,4,2018-04,0.8830195966563943,0.45237759500917835,-0.4196119426392483,3.7779335240692022,1.0,,,,0.0
sevetin,FVE_buffer,2018,4,2018-04,0.42354994907245974,0.004039417693304791,0.012836517886282386,8.941017953366103,1.0,25.24784384547293,2.2517863655423276,1.9066104983958887,1.0
sevetin,ctrl,2018,4,2018-04,0.6784539478572933,0.3745070409800328,-0.30273558487011354,8.368069985983169,1.0,26.04699538541719,2.124124055852837,1.0149660913534704,1.0
veprek,FVE_buffer,2018,5,2018-05,0.47590790819527906,0.052202579434874524,-0.023799146909251213,6.042524729820114,1.0,32.72744283266931,2.583421833959323,3.5469200252095683,1.0
veprek,ctrl,2018,5,2018-05,0.4721546554382022,0.061297770130580916,-0.020945781205593275,6.8040612150103055,1.0,34.88988053683456,2.103093756585879,2.6925158061116985,1.0
veseli,FVE_buffer,2018,5,2018-05,0.5953455075883342,0.16006986558916103,-0.11189182139939055,8.680695044644875,1.0,32.54831244177788,3.1507955777702428,3.0,1.0
veseli,ctrl,2018,5,2018-05,0.43993139547837323,0.06958641290073346,-0.020649780696058648,8.283033978288906,1.0,35.46239544246442,3.00962978626346,3.0,1.0
turany,FVE_buffer,2018,5,2018-05,0.46595663963780476,-0.02235459619917494,0.010124825767359265,9.515091619541446,1.0,38.66919570866123,2.2546519959836986,1.0,1.0
turany,ctrl,2018,5,2018-05,0.7672796112654823,0.5462079302876307,-0.4554000160956447,9.861693077746184,1.0,35.35674372615852,2.1849639002773387,1.0,1.0
stribro,FVE_buffer,2018,5,2018-05,0.539262492559649,0.10091249193007529,-0.08365273992307448,11.794183661489333,1.0,33.08934425794843,4.133995724636769,4.432718957010227,1.0
stribro,ctrl,2018,5,2018-05,0.6643102428533841,0.5067180514942885,-0.36625250862834885,11.89510767486141,1.0,27.233951701663344,3.970347262571568,4.497106468031693,1.0
sokolnice,FVE_buffer,2018,5,2018-05,0.5423459920237998,0.07232102694301096,-0.05664399576001957,9.97888495699656,1.0,39.56255350554416,2.216247100073821,1.0,1.0
sokolnice,ctrl,2018,5,2018-05,0.6797122672905437,0.2709481497825789,-0.228212056756192,9.74117559082724,1.0,39.47947506371667,2.181916858108624,1.0,1.0
brest,FVE_buffer,2018,5,2018-05,0.46294642784758194,0.1276668755074906,-0.0940223902705546,8.29681914258434,1.0,29.716693770383223,2.445305187569642,1.0,0.3662664807445952
brest,ctrl,2018,5,2018-05,0.7752556122102159,0.4947625604615305,-0.42296556606205105,8.913480105892633,1.0,,,,0.0
sevetin,FVE_buffer,2018,5,2018-05,0.5247678048291646,0.09376261557525338,-0.06126007028411105,7.155585004079573,1.0,29.224515648070113,2.255038518171798,2.0,1.0
sevetin,ctrl,2018,5,2018-05,0.7759426030015839,0.5490783116210205,-0.4659363547085985,6.656430250487552,1.0,23.362302228873578,2.143898267047242,2.0,1.0
veprek,FVE_buffer,2018,6,2018-06,0.33406251637426343,-0.11874007853746203,0.1208008539866379,4.550497712033907,1.0,32.718883456817416,2.532158423163656,2.0,1.0
veprek,ctrl,2018,6,2018-06,0.6919319000311107,0.2701217398816886,-0.20877109921990603,5.229723998591588,1.0,29.881503148261054,2.5024095495258174,2.0,1.0
veseli,FVE_buffer,2018,6,2018-06,0.504419535068433,0.06277928919429261,-0.0236738338704123,6.090019085118889,1.0,35.53005459105149,2.3520446458827515,1.0,1.0
veseli,ctrl,2018,6,2018-06,0.71380042066796,0.2762255984017089,-0.20541579589085776,5.866201677824181,1.0,33.47649406976252,2.3816097241097496,1.0,1.0
turany,FVE_buffer,2018,6,2018-06,0.40708085476243006,-0.11328260842158368,0.0942740099656694,4.3064006922590705,1.0,,,,0.0
turany,ctrl,2018,6,2018-06,0.3623029467864249,0.18262447678980784,-0.03222327799511641,4.3733850670087255,1.0,,,,0.0
stribro,FVE_buffer,2018,6,2018-06,0.3802525516663997,-0.05279331822745519,0.04802536921428136,7.295468891359735,1.0,30.548817578153432,2.4870752289929294,3.869638706951194,1.0
stribro,ctrl,2018,6,2018-06,0.693317779098931,0.48050688679335696,-0.3775893107084914,7.061772477326295,1.0,27.62088877214147,2.687039881934602,3.974945964162038,1.0
sokolnice,FVE_buffer,2018,6,2018-06,0.3972837541186721,-0.12295493504676903,0.1161035149976723,3.6510642473811257,1.0,,,,0.0
sokolnice,ctrl,2018,6,2018-06,0.4154834795530636,0.03913405045592421,0.036545614485096405,4.219453447207981,1.0,,,,0.0
brest,FVE_buffer,2018,6,2018-06,0.3390538808596862,-0.16578835689633847,0.14683747954049642,6.410311963863287,1.0,35.25218287330508,2.674995976228797,3.0,0.3662664807445952
brest,ctrl,2018,6,2018-06,0.6318879258562126,0.23913874161371224,-0.1573650036651134,6.358625733313183,1.0,,,,0.0
sevetin,FVE_buffer,2018,6,2018-06,0.5223179846385797,0.016382165791045546,-0.007451851318661604,3.1678735625333876,1.0,,,,0.0
sevetin,ctrl,2018,6,2018-06,0.7205701230677879,0.4990558394247939,-0.3922957314260249,4.025012135194245,1.0,,,,0.0
veprek,FVE_buffer,2018,7,2018-07,0.4110438060536334,-0.05860493866634649,0.06993795166556319,7.961758656701496,1.0,38.69529373663543,3.887727405200032,1.4768432671885883,1.0
veprek,ctrl,2018,7,2018-07,0.5581620960707162,0.20478489968030225,-0.1399823469605697,8.758070053588156,1.0,39.587692074523005,4.1125708080045635,1.0,0.9945600632244467
veseli,FVE_buffer,2018,7,2018-07,0.49190969554252223,0.005951931481231922,0.019054820839482855,7.219848711848591,1.0,35.946402611149416,3.270256819722131,1.830947136563877,1.0
veseli,ctrl,2018,7,2018-07,0.6197026976515995,0.20274221896459976,-0.1469580722013696,7.6618642103768355,1.0,32.50819761042936,3.460109529285426,1.9268696007526875,1.0
turany,FVE_buffer,2018,7,2018-07,0.2692387779951427,-0.18194562610654869,0.1452934861701356,4.879176624087776,1.0,39.295819297167185,3.548555916448612,2.0,1.0
turany,ctrl,2018,7,2018-07,0.15787117222925445,-0.20543701193984748,0.21790610340322,4.8527825829215185,1.0,41.96366335203522,3.37806580097673,2.0,1.0
stribro,FVE_buffer,2018,7,2018-07,0.4737989445646602,-0.060310835361712896,0.0495309383450543,11.666943832484987,1.0,35.15952812537053,5.493699203134514,1.0,0.4694572525819961
stribro,ctrl,2018,7,2018-07,0.3132592117615997,-0.03990933582412557,0.11706238148235568,12.230676903142099,1.0,32.66095140172818,5.685936167553226,1.1841085540478602,0.5577970421673212
sokolnice,FVE_buffer,2018,7,2018-07,0.3116160500923205,-0.19751446891810653,0.16401128777864055,5.1687313983736045,1.0,35.5913236074731,3.5937836786881796,1.2766793208900138,1.0
sokolnice,ctrl,2018,7,2018-07,0.30470533050888376,-0.05842430205492343,0.09673943300633635,5.023937085358842,1.0,38.25281615848186,3.0989649210088572,1.0113450686020595,1.0
brest,FVE_buffer,2018,7,2018-07,0.3413832334743826,-0.1941231881165453,0.16610777092151932,6.084742666972343,1.0,30.309325308209736,5.0675903800916196,2.9437600594280062,0.3662664807445952
brest,ctrl,2018,7,2018-07,0.1794517876696685,-0.2289103765724627,0.2391680481140175,6.821665579967555,1.0,,,,0.0
sevetin,FVE_buffer,2018,7,2018-07,0.44819835400781394,-0.05287913532915482,0.0549629783342238,8.395014145765856,1.0,31.85308668542608,4.448332309432563,1.0,1.0
sevetin,ctrl,2018,7,2018-07,0.33027830893323734,-0.016904242875701986,0.07526181124603706,7.808723626892058,1.0,26.65345444991336,5.570341174852111,1.0,0.8666376789233392
veprek,FVE_buffer,2018,8,2018-08,0.254217976644696,-0.18261831562390385,0.16314832078409705,9.220560821782229,1.0,43.419066907758115,2.163558774348901,2.1318110448489795,1.0
veprek,ctrl,2018,8,2018-08,0.2824470680442031,-0.09097462605015622,0.14355521195812404,8.600738509160976,1.0,41.75926922423189,2.1460701923076857,2.0451475237091676,1.0
veseli,FVE_buffer,2018,8,2018-08,0.3361296297883978,-0.14622371140370294,0.13914316760440454,7.560762764820149,1.0,38.029038030763054,2.2119778888512394,3.9919688241274143,1.0
veseli,ctrl,2018,8,2018-08,0.4713068427139377,0.04513870936433191,0.020079112265573337,7.339033775568978,1.0,35.51237003732614,2.2353793847352668,4.0,1.0
turany,FVE_buffer,2018,8,2018-08,0.2641259435913673,-0.21827285231693222,0.15979414247367468,6.387793525620008,1.0,38.80141787757191,2.4667230572628287,4.0,1.0
turany,ctrl,2018,8,2018-08,0.2098678970707905,-0.2738180128664688,0.2682918994519648,6.000126431565349,1.0,45.20610504998471,2.3857273830338808,4.0,1.0
stribro,FVE_buffer,2018,8,2018-08,0.2868003882500918,-0.2243714943925645,0.17915692989412818,13.73552441660494,1.0,42.25878243462919,2.0983065087433688,5.0,1.0
stribro,ctrl,2018,8,2018-08,0.3210295132996573,-0.11050771482162462,0.14145761871448345,13.990689602658303,1.0,44.69772631912286,2.1579260309418107,5.0,1.0
sokolnice,FVE_buffer,2018,8,2018-08,0.26739578890839427,-0.22444271393159557,0.18342809019368206,6.221854421035363,1.0,40.26555813912612,2.2493038199936732,4.0,1.0
sokolnice,ctrl,2018,8,2018-08,0.15322010275779288,-0.28744199712911134,0.26926651956856945,6.70183443235988,1.0,45.196236306897454,2.2272024114367763,4.0,1.0
brest,FVE_buffer,2018,8,2018-08,0.2593824564304302,-0.2376853511534612,0.19765358236704308,6.976962339111753,1.0,43.71649643310975,2.1239123436919662,6.0,0.3662664807445952
brest,ctrl,2018,8,2018-08,0.17617390462454974,-0.24158942316345594,0.2447471188778119,7.965244273540947,1.0,,,,0.0
sevetin,FVE_buffer,2018,8,2018-08,0.45037951956151784,-0.06376551972046174,0.06223297007473348,10.57218674794749,1.0,36.97330484344383,2.4682856975689695,2.177398121873447,1.0
sevetin,ctrl,2018,8,2018-08,0.5086077332812974,0.11959832618182625,-0.05872100104713732,11.230278848453821,1.0,38.105878235014224,2.2705476579539785,2.087959099229253,1.0
veprek,FVE_buffer,2018,9,2018-09,0.30787670071632606,-0.08493315370328995,0.06094987265863086,6.926709014978907,1.0,27.83862705710227,3.3198030229618407,1.99854279979162,1.0
veprek,ctrl,2018,9,2018-09,0.2561512780803222,-0.19425509616695705,0.2152580959357149,6.954699581134889,1.0,27.689121914804304,2.5052155295047376,2.0,1.0
veseli,FVE_buffer,2018,9,2018-09,0.4230293130182712,-0.028385503232329242,0.027737149316379422,7.649389050336531,1.0,31.280530760517195,2.1356592680447237,2.6112843104032533,1.0
veseli,ctrl,2018,9,2018-09,0.43737251197217736,-0.03416057396464961,0.08610516500891512,7.529972194638586,1.0,31.29513180236631,2.130101665035208,2.285693241971812,1.0
turany,FVE_buffer,2018,9,2018-09,0.3092979064977024,-0.13343735202949683,0.08806876262533692,6.238275876055882,1.0,26.43804902259896,3.5997839712773048,1.8254579200389462,1.0
turany,ctrl,2018,9,2018-09,0.19741910416266553,-0.28320364309276325,0.27216338677599206,6.110763261498986,1.0,30.492199156298412,3.3188995613770627,2.0,1.0
stribro,FVE_buffer,2018,9,2018-09,0.2970892236082805,-0.15328534909412417,0.10285319591186988,17.179381073073685,1.0,31.66726425245508,1.9183588322292742,2.0,1.0
stribro,ctrl,2018,9,2018-09,0.60130987564427,0.15148998566719038,-0.10315260007055795,16.209315731826834,1.0,31.76094432003951,1.9744710298184929,2.0,1.0
sokolnice,FVE_buffer,2018,9,2018-09,0.39719277672147146,-0.07210030325750039,0.04188552939715735,6.981852429050173,1.0,27.588536280964107,3.044722332067912,1.6309712116418866,1.0
sokolnice,ctrl,2018,9,2018-09,0.27417772309148575,-0.19900880335165963,0.18897758820027968,7.123119331577998,1.0,30.680621528470358,3.3441930173687804,1.7041795310770007,1.0
brest,FVE_buffer,2018,9,2018-09,0.39576662323530665,-0.0873786962117133,0.05886356998603887,6.480203407593649,1.0,29.96213300772659,2.5183186826792134,2.0,0.3662664807445952
brest,ctrl,2018,9,2018-09,0.6039673369030033,0.13371416791239846,-0.08754668655672937,6.50248827658983,1.0,,,,0.0
sevetin,FVE_buffer,2018,9,2018-09,0.3939905366420868,-0.029858616342151558,0.024553083838705296,7.463965950475194,1.0,26.182513678468258,3.005897473402961,2.0,1.0
sevetin,ctrl,2018,9,2018-09,0.34533753529207467,-0.009151277649477076,0.05871970751987255,7.6569437075024736,1.0,27.10485113323799,3.1163376207140834,2.5417668964646647,1.0
veprek,FVE_buffer,2019,3,2019-03,0.2369911143670094,-0.06451342025494229,0.05326966523752881,3.5747559388187073,1.0,10.83335533199978,2.5821723029956423,1.5565994775937277,1.0
veprek,ctrl,2019,3,2019-03,0.3510096093169468,0.017649158424091992,0.023576309339558975,2.631070009977718,1.0,12.749835122237275,2.1763262908324634,1.0,1.0
veseli,FVE_buffer,2019,3,2019-03,0.26573951844295474,-0.011495739927810469,0.02698614828107914,5.1667821059130015,1.0,22.377441645303307,3.1969112165367686,1.965291426635038,1.0
veseli,ctrl,2019,3,2019-03,0.35664993141093987,0.057991219593371494,-0.002610734222349028,5.041007496942042,1.0,23.784564161962365,3.168112366117681,1.986077188447393,1.0
turany,FVE_buffer,2019,3,2019-03,0.22842036532436116,-0.10948920007499943,0.06964611744492433,4.154320872895421,1.0,22.374267964448716,2.881414303535562,2.0,1.0
turany,ctrl,2019,3,2019-03,0.7287760518539945,0.30717307156603013,-0.24417165605817737,4.708306470114418,1.0,19.93922224602842,2.7265033386591124,2.0,1.0
stribro,FVE_buffer,2019,3,2019-03,0.24492877139663552,-0.20826288596492853,0.14296852971852933,6.0,1.0,15.580220753353066,3.3288083667863915,1.0,1.0
stribro,ctrl,2019,3,2019-03,0.30494544407157204,-0.06807463210691211,0.11877861557116069,6.0,1.0,14.078723732184923,3.237243939851712,1.0053377336711058,1.0
sokolnice,FVE_buffer,2019,3,2019-03,0.28105659872766736,-0.0823056064166276,0.0534990674915366,4.94778508823323,1.0,22.71444564058569,2.548700898977118,2.0,1.0
sokolnice,ctrl,2019,3,2019-03,0.7041960569389996,0.3903078034463731,-0.3191467370282363,4.9569084777944985,1.0,22.717244468118242,2.6296333338210824,2.0,1.0
brest,FVE_buffer,2019,3,2019-03,0.2597276890072736,-0.06389420672039633,0.045667686872168316,6.273101272997988,1.0,23.822081511509882,2.067755199950474,2.4807478024018823,0.3662664807445952
brest,ctrl,2019,3,2019-03,0.7066924173544198,0.4918025644028825,-0.3941988752412766,7.200174150141462,1.0,,,,0.0
sevetin,FVE_buffer,2019,3,2019-03,0.2813944925134291,-0.07111469577367191,0.05984541286764965,3.938704570745624,1.0,12.574566341465946,2.3602018547231007,2.0,1.0
sevetin,ctrl,2019,3,2019-03,0.6252467923516265,0.22107844258377252,-0.1462604121528264,3.114592074374132,1.0,10.300667802685222,2.5802322409162,2.0,1.0
veprek,FVE_buffer,2019,4,2019-04,0.39464009406461786,-0.05514914043727255,0.0546968542287631,6.939918483747531,1.0,24.4094058659132,3.9932981176616362,1.0006921700989806,1.0
veprek,ctrl,2019,4,2019-04,0.49463543432704404,0.11521488835742377,-0.06553326525694948,7.891153607388369,1.0,25.583612995728654,3.0208142255005384,1.0,1.0
veseli,FVE_buffer,2019,4,2019-04,0.4195945518069699,0.0472442084192211,-0.017249332636745305,7.986601832472559,1.0,27.258635638661207,2.1486040748898634,2.0,1.0
veseli,ctrl,2019,4,2019-04,0.5374505700994214,0.1422126010236754,-0.07977274196728107,7.366329697572484,1.0,25.835143262796816,2.174539644374338,2.7919608830768947,1.0
turany,FVE_buffer,2019,4,2019-04,0.37121826124185553,-0.06524682414981357,0.04420339665862592,6.0,1.0,25.373359465294225,2.2028815873547116,2.6560046856934223,1.0
turany,ctrl,2019,4,2019-04,0.8236873287637961,0.39667367776496903,-0.34360592966939435,6.0,1.0,20.65069827641492,2.166294050705416,2.9911371035813317,1.0
stribro,FVE_buffer,2019,4,2019-04,0.39373881030832425,-0.08009225387703714,0.05534966315419323,15.165295340437313,1.0,28.029013395981426,2.105744895042323,1.0,1.0
stribro,ctrl,2019,4,2019-04,0.42516958507002356,0.06437056295442,1.361869625328789E-4,13.902460660323229,1.0,28.868089412327198,2.1579405179693296,1.0,1.0
sokolnice,FVE_buffer,2019,4,2019-04,0.44771017691538295,6.048605119949762E-4,0.0011622740850993271,6.021179489583087,1.0,24.36287357441796,2.182106005483494,3.0,1.0
sokolnice,ctrl,2019,4,2019-04,0.841643153791662,0.5052801950588817,-0.44742109643640326,6.341596849716136,1.0,22.397194816217812,2.1516579603264034,3.0,1.0
brest,FVE_buffer,2019,4,2019-04,0.4776719687869321,-0.013788617041517572,0.014059032765233685,5.3332695112826505,1.0,23.8051519551941,2.1049241673888788,4.0,0.3662664807445952
brest,ctrl,2019,4,2019-04,0.8706589481557748,0.5867289072005576,-0.5297404720896888,5.0,1.0,,,,0.0
sevetin,FVE_buffer,2019,4,2019-04,0.4390610864564522,0.00915627623346633,-6.569194952784096E-4,7.828599477078008,1.0,,,,0.0
sevetin,ctrl,2019,4,2019-04,0.7756848027092343,0.380701072132457,-0.3192179940618446,8.0,1.0,5.757360164354436,5.516486688851915,1.0,0.08429822777353092
veprek,FVE_buffer,2019,5,2019-05,0.49265745270799294,0.07705066780340715,-0.061231473272119745,3.9618549580421543,1.0,24.89915550168458,3.253934367702614,1.0,1.0
veprek,ctrl,2019,5,2019-05,0.6508495685639987,0.43091807500434537,-0.3319888609180993,2.9294839655530214,1.0,20.29365210523062,2.1924349051633283,1.0,1.0
veseli,FVE_buffer,2019,5,2019-05,0.5408357670221474,0.17605470943026574,-0.12836672672484586,3.732640823332781,1.0,23.815786051724917,5.181688857743517,1.0,0.1692477126397831
veseli,ctrl,2019,5,2019-05,0.6798747356459269,0.35339979662140003,-0.28074130662302565,3.8934215798534373,1.0,23.271947070755076,5.617987081005587,1.0,0.10887353525369932
turany,FVE_buffer,2019,5,2019-05,0.4160543565254712,0.09391181414110757,-0.07053827323561367,1.8461320700506694,1.0,,,,0.0
turany,ctrl,2019,5,2019-05,0.7013184309434227,0.43292899299516385,-0.34798319260535543,1.5769274253454788,0.9997864897406227,,,,0.0
stribro,FVE_buffer,2019,5,2019-05,0.5188065612354137,0.0695769766521199,-0.07464831342967981,5.9926726013301055,1.0,18.672144191500113,4.541259898846645,1.0,0.9903058624675308
stribro,ctrl,2019,5,2019-05,0.5844652083018821,0.22690994125242303,-0.15947958272333537,5.876410304504458,1.0,17.49941136187289,4.335294433506363,1.0,0.6925263981530977
sokolnice,FVE_buffer,2019,5,2019-05,0.5144064699994498,0.0882603311102852,-0.06680436993302542,1.7419163483396216,1.0,,,,0.0
sokolnice,ctrl,2019,5,2019-05,0.7248956408370757,0.5266957497327268,-0.4126041036133105,1.76738857962492,1.0,,,,0.0
brest,FVE_buffer,2019,5,2019-05,0.506859884025225,0.03627613421969498,-0.02966748683327855,6.709583636698018,1.0,23.44982408367619,5.035353318063639,2.9562647022409316,0.3662664807445952
brest,ctrl,2019,5,2019-05,0.6233824437530003,0.5627597716815724,-0.37056489169326967,6.562625175631999,1.0,,,,0.0
sevetin,FVE_buffer,2019,5,2019-05,0.4399730640145176,0.0666540229654483,-0.055368914642535044,3.0458244798139775,1.0,,,,0.0
sevetin,ctrl,2019,5,2019-05,0.7821020050607833,0.5706849116973182,-0.4863265420958647,2.536646728328257,1.0,,,,0.0
veprek,FVE_buffer,2019,6,2019-06,0.3284963024915173,-0.10878288100660909,0.11119152604874089,7.901076268638653,1.0,37.79717653523079,2.4762107876531503,2.709281272427225,1.0
veprek,ctrl,2019,6,2019-06,0.7187815573820636,0.393794879765938,-0.3051522664365601,7.346435197665057,1.0,30.95175596129397,2.7073451791359444,3.0,1.0
veseli,FVE_buffer,2019,6,2019-06,0.546999931741926,0.09529258437853359,-0.059348085478782515,7.975987381988466,1.0,32.52482198060642,3.2771550745509996,3.993239579803457,1.0
veseli,ctrl,2019,6,2019-06,0.7518723102760239,0.43608843490847415,-0.36202848848358576,7.9190814886611465,1.0,29.21315508581216,3.344085893768474,3.5065527498740776,1.0
turany,FVE_buffer,2019,6,2019-06,0.4965989772104002,0.017734751124741238,-0.018399974746695073,8.10444982642821,1.0,33.623974708538036,3.197616571837163,3.2723863567212312,1.0
turany,ctrl,2019,6,2019-06,0.5941447062930959,0.2789679020354462,-0.17390995319039043,8.141132793333785,1.0,30.82624207727716,3.300105472989261,3.0006255275533564,1.0
stribro,FVE_buffer,2019,6,2019-06,0.6189436088963061,0.14469752060659552,-0.13160770700627406,15.572115829529189,1.0,29.100262116752592,3.3611058152396804,3.8698375610544233,1.0
stribro,ctrl,2019,6,2019-06,0.7018034057387615,0.3234733132730458,-0.2550908255837508,14.682327969307801,1.0,26.846817238617167,3.489360401608291,3.808314159326314,1.0
sokolnice,FVE_buffer,2019,6,2019-06,0.4745661301923748,0.014235502093865524,0.005472213343694575,9.549335321412677,1.0,35.101956239733894,3.3697881076663574,2.7331540651692507,1.0
sokolnice,ctrl,2019,6,2019-06,0.6877242938750392,0.45534869076327755,-0.3508990547930936,9.555392509351526,1.0,30.991490716713354,3.079604507786934,2.3921560020095307,1.0
brest,FVE_buffer,2019,6,2019-06,0.5009770398252957,-0.01482678147501197,0.01933090247624356,10.58825455928776,1.0,34.6870155726328,2.4272749783335392,3.375201188560109,0.3662664807445952
brest,ctrl,2019,6,2019-06,0.8040284470887746,0.632247531848904,-0.5417337790935023,10.341416927627511,1.0,,,,0.0
sevetin,FVE_buffer,2019,6,2019-06,0.5431505898508482,0.01332457383424066,-0.006119512540257127,8.032111051034196,1.0,31.513952583541805,3.5620874411257084,3.2093730801860563,1.0
sevetin,ctrl,2019,6,2019-06,0.7741391216848359,0.43063631897546517,-0.3693327544214019,8.586848643935872,1.0,25.805294766738836,3.0212685761173836,2.1006459123775327,1.0
veprek,FVE_buffer,2019,7,2019-07,0.33103914407227725,-0.14969172519290122,0.13474981218819768,3.868812082500307,1.0,,,,0.0
veprek,ctrl,2019,7,2019-07,0.2075948654497859,-0.09092915718211488,0.14608868040803066,4.427593643178201,1.0,,,,0.0
veseli,FVE_buffer,2019,7,2019-07,0.44752991159143063,-0.01601888933032438,0.021871973833320953,6.20111461611432,1.0,33.98341196437325,3.465896772280596,2.903744493392071,1.0
veseli,ctrl,2019,7,2019-07,0.24287690432758577,-0.07514453400611354,0.11446929206039774,6.018725725739997,1.0,34.2328445005206,3.006536950096469,2.368740674567348,1.0
turany,FVE_buffer,2019,7,2019-07,0.28215920935100736,-0.07832341789457846,0.057213475158352387,2.747031364608931,1.0,31.751356445659102,3.328816025680041,1.0,1.0
turany,ctrl,2019,7,2019-07,0.16527645377234604,-0.16491105578739612,0.16505977458904048,2.8637000741843446,1.0,28.984744711738823,3.368480344869168,1.0,1.0
stribro,FVE_buffer,2019,7,2019-07,0.37673480469156645,-0.08216233133859403,0.06271085921775352,17.59162425154867,1.0,32.49049490683289,3.2247980388014046,3.10274542946272,1.0
stribro,ctrl,2019,7,2019-07,0.38564656324158375,0.033626700154517866,0.03253822015708859,16.503466124728877,1.0,32.65569116260769,3.0182864635383897,3.6053950620153223,1.0
sokolnice,FVE_buffer,2019,7,2019-07,0.39462337458564234,-0.042204292784623926,0.03709816133803665,2.126448583347004,1.0,33.007726859180124,4.646718578652365,1.1445717070793218,0.8654434250764532
sokolnice,ctrl,2019,7,2019-07,0.17033208011586554,-0.15330931400412617,0.1571681984218904,2.583582824732135,1.0,34.37689732749114,5.233460522304638,1.0310884235820128,0.8159913765772623
brest,FVE_buffer,2019,7,2019-07,0.4444920016900011,-0.0342417256400296,0.02099255451518223,4.004132897663861,1.0,36.93925186786248,2.8069679336387288,1.0,0.3662664807445952
brest,ctrl,2019,7,2019-07,0.3072311368260082,-0.05947995702260353,0.09086850739124039,4.138340831696327,1.0,,,,0.0
sevetin,FVE_buffer,2019,7,2019-07,0.4066791841312275,-0.11374627859633808,0.10519895546471794,6.276246057226695,1.0,31.901316934463342,2.1309843099396426,1.0,1.0
sevetin,ctrl,2019,7,2019-07,0.27362116540794634,-0.05641425013149294,0.11213261175988756,6.084997783330491,1.0,28.005436646809667,2.1162400325410817,1.0,1.0
veprek,FVE_buffer,2019,8,2019-08,0.40435603483125054,-0.019693306059261544,0.012418915532555757,4.0140312671840235,1.0,30.678124712080358,3.2997400536978434,1.8759740472642916,1.0
veprek,ctrl,2019,8,2019-08,0.2040679926847918,-0.14239547955485646,0.16065645935133988,5.17039682281839,1.0,32.32236518073155,4.758438505032356,1.1637418570121465,0.9616385669125396
veseli,FVE_buffer,2019,8,2019-08,0.39536769859642923,-0.05672616774743362,0.0514765473068299,7.055298849622823,1.0,35.95029881805462,2.0590223229413787,1.7125381226702812,1.0
veseli,ctrl,2019,8,2019-08,0.2839165745686435,-0.046688368004198864,0.08613586030065623,7.2821407435914915,1.0,36.52577044631671,2.0925756963781605,1.9896362962470182,1.0
turany,FVE_buffer,2019,8,2019-08,0.28837680098569723,-0.15475854924228008,0.09634426308550684,9.258464793826452,1.0,35.07612535707563,2.2951414455668466,2.0,1.0
turany,ctrl,2019,8,2019-08,0.2286467574614243,-0.186740223219885,0.1780790762216735,8.97562382674018,1.0,36.70451341179732,2.249166578741112,2.0,1.0
stribro,FVE_buffer,2019,8,2019-08,0.3986997023327823,-0.07686351205365193,0.04053244073005058,8.052463069496337,1.0,31.758913139564765,3.3483285691204467,3.775990852711251,1.0
stribro,ctrl,2019,8,2019-08,0.4587913381631765,-0.014413879332369949,0.04036861344025543,7.934194824000708,1.0,29.216201301635728,3.3738750861861817,3.1023078532084507,1.0
sokolnice,FVE_buffer,2019,8,2019-08,0.42387630864412984,-0.07404865315603744,0.04822041614752374,9.362456352089241,1.0,34.76078000267521,2.2630321364547097,2.0,1.0
sokolnice,ctrl,2019,8,2019-08,0.1784186411478022,-0.2718853465355657,0.23832376248819306,9.49228658392855,1.0,39.34172041198655,2.2344373801963635,2.0,1.0
brest,FVE_buffer,2019,8,2019-08,0.4230478437806584,-0.031889776216808226,0.02238008037525596,7.852108772928712,1.0,27.979928756084885,2.499064318435061,4.0,0.3662664807445952
brest,ctrl,2019,8,2019-08,0.45748283648389454,0.008523626193135743,0.02516211070525328,8.327752068972133,1.0,,,,0.0
sevetin,FVE_buffer,2019,8,2019-08,0.40426904402747793,-0.0830116045146316,0.060225461494151526,5.3233707989350885,1.0,27.422859113577438,5.0290339109372075,1.0,0.3140157388175408
sevetin,ctrl,2019,8,2019-08,0.2539659981946705,-0.11946040106682583,0.14306036602057545,5.10382973484893,1.0,20.19583295000004,6.013333333333333,1.0,0.010730140473669077
veprek,FVE_buffer,2019,9,2019-09,0.3610860750751879,-0.04418950335454264,0.038808827062526106,7.384478651651753,1.0,25.63930353936527,2.865575047632235,2.0375119763642164,1.0
veprek,ctrl,2019,9,2019-09,0.2329876987768751,-0.1531315166346847,0.17977423606431664,6.639910343957594,1.0,28.740035397795445,2.2629875000000013,2.0907428872497373,1.0
veseli,FVE_buffer,2019,9,2019-09,0.42156197850375793,-0.04985404910429283,0.047214342248476586,6.0,1.0,22.104711708108606,3.8492955777702504,1.0,1.0
veseli,ctrl,2019,9,2019-09,0.5258519737633842,0.08304308963454254,-0.028227012283852555,6.0,1.0,22.249722595592626,3.5657612214330534,1.0,0.8851344287845815
turany,FVE_buffer,2019,9,2019-09,0.3495142772516468,-0.11197572936811157,0.07394215697611828,7.1635301494373715,1.0,28.89099042300737,2.8164179547252464,1.0,1.0
turany,ctrl,2019,9,2019-09,0.7076934132113135,0.31670861391226013,-0.25839086178805104,7.021431406270672,1.0,25.446308980993795,2.4961871457856,1.0,1.0
stribro,FVE_buffer,2019,9,2019-09,0.4085759229788906,-0.08558224794741795,0.047866316446891766,11.702977230505695,1.0,21.50862595633636,3.155611289941711,3.268154758205839,1.0
stribro,ctrl,2019,9,2019-09,0.540750018784617,0.0256716629608252,0.015125164081801168,10.830143110469443,1.0,22.24345852103914,3.1259087317265988,3.3651660585213934,1.0
sokolnice,FVE_buffer,2019,9,2019-09,0.43654833412774974,-0.0458737978747887,0.02750262160871569,6.6055254153875,1.0,26.356085647799752,2.5599748892755465,1.2105214594537606,1.0
sokolnice,ctrl,2019,9,2019-09,0.2760059327094601,-0.20086846648359163,0.1857533771035251,7.271037882412739,1.0,27.18571741785957,3.545757354052951,1.9308077630314648,1.0
brest,FVE_buffer,2019,9,2019-09,0.47914501449824953,1.7443466406071217E-5,-0.004655857944779804,6.5420885430181634,1.0,26.26781679819799,2.051803268540304,1.0,0.3662664807445952
brest,ctrl,2019,9,2019-09,0.21583714549025315,-0.22501383494510033,0.2368376154264835,7.0,1.0,,,,0.0
sevetin,FVE_buffer,2019,9,2019-09,0.3802152700165283,-0.03937805228151926,0.034259906283481856,3.779339055208036,1.0,23.711084734891628,2.357062282421084,1.0,1.0
sevetin,ctrl,2019,9,2019-09,0.30204558624420386,-0.04527538796391034,0.08801791161176728,4.14679884094286,1.0,24.94037240338969,2.243450231083746,1.056091283338827,1.0
veprek,FVE_buffer,2020,3,2020-03,0.3035665660774329,-0.08876493061742945,0.07910939941784942,6.313359706952594,1.0,11.58793325051096,2.1658370704447263,3.0,1.0
veprek,ctrl,2020,3,2020-03,0.6981873014494642,0.3582977645831209,-0.28795586090254593,6.494599768835395,1.0,10.006509651516932,2.183861643835627,3.0,1.0
veseli,FVE_buffer,2020,3,2020-03,0.3491928802558651,-0.032629831509333344,0.036234911834819125,4.853798390375381,1.0,14.302023003705123,3.491519103693661,1.959039308708912,1.0
veseli,ctrl,2020,3,2020-03,0.3923636653387864,0.004657787352448826,0.028951768568076845,5.109476681664771,1.0,15.70373893956967,3.870255006034806,1.8521330887733676,1.0
turany,FVE_buffer,2020,3,2020-03,0.2559080603669419,-0.17265160860810214,0.11280458740434901,6.263872222766806,1.0,16.477116048189487,2.561185039250285,1.0159359216211283,1.0
turany,ctrl,2020,3,2020-03,0.720842787325198,0.19173265781248364,-0.15085345078920528,6.203722279251318,1.0,14.373796147662947,2.6840262872301865,1.0,1.0
stribro,FVE_buffer,2020,3,2020-03,0.3057387725420964,-0.1272921782184318,0.08581402267867141,8.278872091658068,1.0,12.325387175034876,2.029518897353992,2.049738382570438,1.0
stribro,ctrl,2020,3,2020-03,0.6811863908204466,0.2268059706059435,-0.17143062381094568,7.752358573765185,1.0,10.30426158257606,2.0810985350283993,2.0,1.0
sokolnice,FVE_buffer,2020,3,2020-03,0.34628197483646617,-0.1120214456527859,0.07661426716762887,6.0,1.0,17.2539557197418,3.1443421781081975,1.0283401877043137,1.0
sokolnice,ctrl,2020,3,2020-03,0.6318453358368853,0.11754157712284424,-0.10373274948162546,6.0,1.0,18.67241329368932,3.220783985211406,1.038722484794389,1.0
brest,FVE_buffer,2020,3,2020-03,0.3881898154734241,-0.05125374398468613,0.036373164034115814,5.0,1.0,11.439399198161466,4.133966819363625,1.0,0.3662664807445952
brest,ctrl,2020,3,2020-03,0.8298247893370853,0.39001814591785755,-0.35088008264312476,5.0792115991007,1.0,,,,0.0
sevetin,FVE_buffer,2020,3,2020-03,0.2694204876320545,-0.0772964514511542,0.06639483033131681,4.698568953430039,1.0,8.547452721000514,2.7287433324556973,1.1097621624784253,1.0
sevetin,ctrl,2020,3,2020-03,0.3829406227417126,0.07861056125198637,-0.011295925236315469,4.018857663326469,1.0,6.526956783924166,2.202563030808835,1.0,1.0
veprek,FVE_buffer,2020,4,2020-04,0.4045748497558317,0.001656730096939531,0.017147356631529848,7.967527026081073,1.0,22.20308762804303,2.2077390628017146,2.93926025231422,1.0
veprek,ctrl,2020,4,2020-04,0.7153047506766794,0.41331576806998505,-0.32625754108835314,9.053435375911763,1.0,21.18596432778923,2.5605363935721877,2.3496865121180193,1.0
veseli,FVE_buffer,2020,4,2020-04,0.46883248636591907,0.04251363255087915,-0.01193349737255144,9.016432212066924,1.0,26.28422224625358,2.1580653168417414,3.0445018637749928,1.0
veseli,ctrl,2020,4,2020-04,0.3997873314223784,0.046876448743465346,0.0023463744398842276,9.0,1.0,30.114034866304518,2.172413113102645,3.0,1.0
turany,FVE_buffer,2020,4,2020-04,0.3555682566268719,-0.0904301482875048,0.06907177500144225,11.66275947039477,1.0,27.741097609519905,2.290845098277854,3.801717580478305,1.0
turany,ctrl,2020,4,2020-04,0.7997228015154882,0.38338487369487007,-0.3246533404689863,11.187411770025157,1.0,24.605528868640278,2.206244950560721,3.4694998794163734,1.0
stribro,FVE_buffer,2020,4,2020-04,0.38008357453983155,-0.06947265015186187,0.0491575623504337,19.608589838327553,1.0,26.4833335078069,2.1121686282795418,4.0,1.0
stribro,ctrl,2020,4,2020-04,0.7624226295111414,0.34878919384435675,-0.2895755001768028,19.706585249804494,1.0,22.766333944271025,2.150482216592672,4.0,1.0
sokolnice,FVE_buffer,2020,4,2020-04,0.4427613446829066,-0.031531935165934485,0.030987664512250702,10.090493250685476,1.0,29.435875168724355,2.1887913898555302,3.0,1.0
sokolnice,ctrl,2020,4,2020-04,0.6738444297476247,0.2438735155467129,-0.2130772991753428,10.564821794051326,1.0,28.941966740575108,2.1576441667520396,3.0,1.0
brest,FVE_buffer,2020,4,2020-04,0.5166696257982356,0.04359930864708202,-0.032986515699057174,10.717654186936473,1.0,25.34056905814413,2.095054166150798,6.0,0.3662664807445952
brest,ctrl,2020,4,2020-04,0.8869595941710461,0.5436054527280594,-0.49934133898825167,10.089151347826911,1.0,,,,0.0
sevetin,FVE_buffer,2020,4,2020-04,0.42594366939781036,0.014004454953837458,0.003369897765120835,10.488906057161678,1.0,24.01887558770972,2.4234230465436055,2.0,1.0
sevetin,ctrl,2020,4,2020-04,0.453012548514002,0.1465655660679039,-0.07412473375777251,10.346101193884955,1.0,24.125336078975966,2.1735427697788747,2.0,1.0
veprek,FVE_buffer,2020,5,2020-05,0.46216305811616115,0.15906308238816347,-0.10813927419142837,4.348594263434342,1.0,27.14376910120464,3.5648900360292726,2.088390121639793,1.0
veprek,ctrl,2020,5,2020-05,0.6723013681947552,0.48073160168413676,-0.36851315395692985,2.8916213220519875,1.0,23.8804677723901,3.5490270284509995,2.599420442571129,1.0
veseli,FVE_buffer,2020,5,2020-05,0.565435258273158,0.14280900826344928,-0.10239091732901416,6.9477662505834825,1.0,27.419633950769757,2.7134255760759083,2.040511690952219,1.0
veseli,ctrl,2020,5,2020-05,0.4264453279589346,0.11299523711037206,-0.06420790006290748,6.5756200775087,1.0,30.597632714451652,2.57562909249879,2.0,1.0
turany,FVE_buffer,2020,5,2020-05,0.46627347170286687,0.009522753098583985,-0.018792122820565294,6.631608657294577,1.0,29.764223316330096,4.421981984381895,1.0076339944895194,0.9994066816771132
turany,ctrl,2020,5,2020-05,0.7734399730237224,0.4465242977077513,-0.38264361223329624,6.086029563216612,1.0,27.661876158553905,4.491429040395316,1.0,0.8723923791149162
stribro,FVE_buffer,2020,5,2020-05,0.5599958260076737,0.10111078424728998,-0.09690835730158563,9.56753568740113,1.0,24.546490922347374,2.9901838157616702,4.0,1.0
stribro,ctrl,2020,5,2020-05,0.850318519423407,0.5051888515134344,-0.44737865168784907,8.688460906397863,1.0,19.999299275847516,2.853779099945,4.0,1.0
sokolnice,FVE_buffer,2020,5,2020-05,0.5426412594404104,0.08792601900534906,-0.07301381739244427,6.729166178435,1.0,25.07300286758387,3.648141345038491,1.4229146894442697,1.0
sokolnice,ctrl,2020,5,2020-05,0.7007454058538773,0.32927564677628485,-0.30888777833944714,6.530115892254397,1.0,23.754060397809234,3.862525253264273,1.481853255488408,1.0
brest,FVE_buffer,2020,5,2020-05,0.5904039353538141,0.17020562216047633,-0.14100720579972584,6.352610111932125,1.0,25.512178195969753,2.0609958833725397,4.0,0.3662664807445952
brest,ctrl,2020,5,2020-05,0.919322602327196,0.6569594987726578,-0.6249286174591051,6.797397265191591,1.0,,,,0.0
sevetin,FVE_buffer,2020,5,2020-05,0.5561404409831369,0.1364413172423412,-0.09763952327593364,2.608599498749041,1.0,28.908393277759707,2.5953556836244167,1.0,1.0
sevetin,ctrl,2020,5,2020-05,0.6970846807356764,0.3974659020837591,-0.3167843924465409,3.948881029905949,1.0,22.62230168992098,2.2212098408713166,1.0,1.0
veprek,FVE_buffer,2020,6,2020-06,0.36380199645782546,-0.09007163625023999,0.08300327390869251,3.2070579980893497,1.0,27.065764345973264,3.9983795569382847,1.9709543568464722,1.0
veprek,ctrl,2020,6,2020-06,0.6224131684269966,0.3246844182408309,-0.23963541815058476,2.550480549011551,1.0,23.859330789835244,3.052724868282415,2.0,1.0
veseli,FVE_buffer,2020,6,2020-06,0.556576410664389,0.19060663760892677,-0.14406198410783824,5.273686062969601,1.0,28.496827906957712,5.762395020746891,1.0,0.1020840393087089
veseli,ctrl,2020,6,2020-06,0.5258809795391869,0.19952623429584773,-0.12411014591504091,4.256695696794331,1.0,28.175632962582107,5.03391227144023,1.0,0.49506761829638
turany,FVE_buffer,2020,6,2020-06,0.41688689205639784,0.15746576885105867,-0.1199364994114712,2.058405133804078,1.0,31.262868798367304,5.0146413704771025,1.6874799871918027,0.7601776912310594
turany,ctrl,2020,6,2020-06,0.5592028322802418,0.36451986525518293,-0.2661678179194593,2.006923593469767,1.0,28.331471118150027,4.4652355392156835,1.0246650326797384,0.9224647292897625
stribro,FVE_buffer,2020,6,2020-06,0.6057993173101945,0.13486923979615886,-0.13245690283404063,6.704528346190168,1.0,24.885896663524225,4.289443208510954,1.3491132349834067,1.0
stribro,ctrl,2020,6,2020-06,0.6075702766797649,0.282558233670861,-0.19678989215909576,7.912954969201974,1.0,22.975995952003164,4.355159705921083,1.8519069421526018,1.0
sokolnice,FVE_buffer,2020,6,2020-06,0.5460844433130632,0.08491442753487682,-0.07140835918061567,2.9521132619343353,1.0,32.58007474988852,4.612860579457977,1.8552805019508596,1.0
sokolnice,ctrl,2020,6,2020-06,0.6945481626818468,0.3455227159706524,-0.29985193855126274,2.2767254734827453,1.0,29.779016261884248,4.200482189803096,1.6850060724894282,1.0
brest,FVE_buffer,2020,6,2020-06,0.45830208252306587,0.14692295863376664,-0.115922638588471,3.8023351312676823,1.0,29.20971268482236,5.0356506128513026,1.0,0.3662664807445952
brest,ctrl,2020,6,2020-06,0.8243235792460912,0.6018883552799267,-0.5285681981624739,3.9648727643705177,1.0,,,,0.0
sevetin,FVE_buffer,2020,6,2020-06,0.5090778353536628,0.0808472046790444,-0.06444727870262,5.954667452602746,1.0,28.086429845327824,2.7292180811124376,3.1993876098255445,1.0
sevetin,ctrl,2020,6,2020-06,0.8231860684455754,0.565318433644069,-0.4972176825969093,4.487245774498095,1.0,20.574263150103743,3.0492003590739873,3.8318383606028523,1.0
veprek,FVE_buffer,2020,7,2020-07,0.36444191758209327,-0.14023664564780844,0.13148729346509253,6.860607451053226,1.0,38.35873353532433,1.9899379414861362,2.0,1.0
veprek,ctrl,2020,7,2020-07,0.1915190511279701,-0.13378764425874234,0.18025588894305625,8.036041541725682,1.0,39.664845396030586,2.3639400948366647,2.6368756585879907,1.0
veseli,FVE_buffer,2020,7,2020-07,0.5945614261540836,0.14795069902214855,-0.11272928702540125,6.584279433243499,1.0,34.27058223976535,2.096897915960693,1.0,1.0
veseli,ctrl,2020,7,2020-07,0.6477815206439062,0.26854201134186784,-0.21576068779474178,6.321707556438229,1.0,32.014072076825144,2.103110916814759,1.0,1.0
turany,FVE_buffer,2020,7,2020-07,0.4144125114940702,-0.04200637697669099,0.028009628223985228,8.529100739243447,1.0,35.58475765447762,2.257082243047537,1.0,1.0
turany,ctrl,2020,7,2020-07,0.2895472279105566,-0.07117053485273789,0.11094704674640607,8.431806497745155,1.0,31.992095358332328,2.2078447938020016,1.0,1.0
stribro,FVE_buffer,2020,7,2020-07,0.41246998564427084,0.0340341412602204,-0.019775297693194426,10.784937741282697,1.0,33.301661621366996,2.7703386112526482,3.5742657933657296,1.0
stribro,ctrl,2020,7,2020-07,0.273987773012787,-0.02233895905228343,0.09806879420220595,11.660602848442988,1.0,31.52978141718295,2.7005165748638467,3.338934467504898,1.0
sokolnice,FVE_buffer,2020,7,2020-07,0.5303668877763477,0.04544030401513618,-0.03887029060247967,8.978915715591388,1.0,33.45383940771669,2.238605926394603,1.0,1.0
sokolnice,ctrl,2020,7,2020-07,0.45880343647003047,0.15434743318289776,-0.07882751877812917,8.909704614827728,1.0,30.659902707008722,2.2044632553421017,1.0,1.0
brest,FVE_buffer,2020,7,2020-07,0.5291905063262482,0.05986423363938457,-0.04561598185597357,6.094905488780339,1.0,28.151395583472908,4.902484270414996,1.3903949129852742,0.3387409448015509
brest,ctrl,2020,7,2020-07,0.6247702089328669,0.3620300448960436,-0.2588097923521605,5.789876917759556,1.0,,,,0.0
sevetin,FVE_buffer,2020,7,2020-07,0.5151431320130143,0.06860204722877146,-0.055204466932598895,6.077627802199828,1.0,29.210415319818345,4.181942242245161,3.6950530965684685,1.0
sevetin,ctrl,2020,7,2020-07,0.3201263708200412,0.04166287121940229,0.029594050684772773,4.099909073697055,1.0,25.78984915843218,3.7029469664560373,2.4309939756923744,1.0
veprek,FVE_buffer,2020,8,2020-08,0.34926704800027625,-0.16284524485156868,0.1363738448415739,9.589379176008505,1.0,37.4487235608312,3.2256059584916605,2.0,1.0
veprek,ctrl,2020,8,2020-08,0.19283754141502674,-0.2219706768182401,0.23621832236638943,9.614918048956682,1.0,41.62996889973019,2.9461661354056923,2.0,1.0
veseli,FVE_buffer,2020,8,2020-08,0.4792611530077309,-0.017720636696004956,0.03019030077658077,6.1820690226311115,1.0,34.014612241065784,2.23207971873941,3.0,1.0
veseli,ctrl,2020,8,2020-08,0.634953771865583,0.2257974864765512,-0.18125558616622725,6.992113455588229,1.0,32.91757523143928,2.249589728481415,2.9574142535377246,1.0
turany,FVE_buffer,2020,8,2020-08,0.420382721248401,-0.10390273123221387,0.07023190303077408,4.576596370372122,1.0,38.69906482615758,2.3971624931540103,3.0,1.0
turany,ctrl,2020,8,2020-08,0.2007778355069242,-0.24163174431605458,0.2395879191317434,4.355184782663303,1.0,41.71693585241279,2.322283703123106,3.0,1.0
stribro,FVE_buffer,2020,8,2020-08,0.3719094128678666,-0.16036165236397046,0.11842832444962066,12.0,1.0,33.33424338799493,2.2233560358434556,3.0,1.0
stribro,ctrl,2020,8,2020-08,0.16841771016805313,-0.14839854595578889,0.18444548178035658,11.641359123561301,1.0,33.99979664571318,2.277880168266428,3.0,1.0
sokolnice,FVE_buffer,2020,8,2020-08,0.5359119250003707,-0.006660276078316001,-0.0015525385467841238,5.0,1.0,37.185598424558314,2.2387386639249187,2.0,1.0
sokolnice,ctrl,2020,8,2020-08,0.4626650476099759,0.0033525938292184084,0.026690237268148297,5.346045699057289,1.0,40.0467177165264,2.228834325904902,2.2687649678328783,1.0
brest,FVE_buffer,2020,8,2020-08,0.5329228918146567,-0.005914080560960572,0.004237500525193558,6.942082748647772,1.0,35.92640366360934,2.1161283583013484,3.8571870744088157,0.3662664807445952
brest,ctrl,2020,8,2020-08,0.20791221321192044,-0.17178408723303593,0.21102848196712168,6.900761134630747,1.0,,,,0.0
sevetin,FVE_buffer,2020,8,2020-08,0.4841026889689766,-0.01607878279395025,0.015939434799278205,9.013559564455605,1.0,32.63213261694033,2.7467746638192505,2.0,1.0
sevetin,ctrl,2020,8,2020-08,0.18690222842863458,-0.1554250142884701,0.1971425012344187,8.905856604467465,1.0,34.4433385870277,2.627028732931718,2.0,1.0
veprek,FVE_buffer,2020,9,2020-09,0.3374995491645056,-0.08131627389590591,0.06504101115053404,6.987043423407455,1.0,28.68597005883454,2.766588293582135,2.8187752960848718,1.0
veprek,ctrl,2020,9,2020-09,0.1932365958514322,-0.24338145929322527,0.25287658055727014,6.477099396390514,1.0,31.877211641479633,3.2758454030558553,2.810216016859855,1.0
veseli,FVE_buffer,2020,9,2020-09,0.3516803636590428,-0.08418937062378272,0.07665727058393829,6.6803675485221286,1.0,27.42413568059281,2.144103905455776,2.0,1.0
veseli,ctrl,2020,9,2020-09,0.46568126061605697,0.0654418899074736,-0.012465427181662174,6.110584250456247,1.0,26.038685041460106,2.1582860211170543,2.0,1.0
turany,FVE_buffer,2020,9,2020-09,0.3857738709261987,-0.06270709147308864,0.025203197931991904,6.256264302349557,1.0,27.79026354860921,2.3607576218584634,3.0,1.0
turany,ctrl,2020,9,2020-09,0.3105203831154841,-0.1919574859011346,0.1905849041244177,6.869663290134484,1.0,27.180092696600195,2.219788601832872,3.0,1.0
stribro,FVE_buffer,2020,9,2020-09,0.38270742475347397,-0.08613734663322607,0.049749627483684805,12.0,1.0,24.42764154414116,3.538433278234171,3.6258684331539492,1.0
stribro,ctrl,2020,9,2020-09,0.3897401163855286,0.026797486700569778,0.030156383933732944,12.065354325966297,1.0,25.699052287080267,3.371637111581101,3.987899071125882,1.0
sokolnice,FVE_buffer,2020,9,2020-09,0.4353573611043901,-0.04699671266786713,0.026647642921158055,7.0,1.0,26.785020936039274,2.781157202362124,3.0,1.0
sokolnice,ctrl,2020,9,2020-09,0.38188228131640056,-0.054523881048911114,0.07672556897933869,7.0,1.0,25.948851324259827,2.584529784463213,3.0,1.0
brest,FVE_buffer,2020,9,2020-09,0.44616661787124845,-0.0297630529955429,0.018357590837072463,7.0,1.0,25.77920291516376,2.644197102884734,3.986473938343444,0.3662664807445952
brest,ctrl,2020,9,2020-09,0.2952080519235752,-0.15748895316494513,0.15210689705236094,6.99826016828948,1.0,,,,0.0
sevetin,FVE_buffer,2020,9,2020-09,0.3811560996071293,-0.04909748174662258,0.04529121296089156,5.239747705850419,1.0,31.8769548968382,2.3944432417673456,1.0,1.0
sevetin,ctrl,2020,9,2020-09,0.21824363914275507,-0.06811741749738676,0.12191663558404073,4.970566992115827,1.0,33.219179874225816,2.351488824523635,1.0,1.0
veprek,FVE_buffer,2026,3,2026-03,0.25489315927107536,-0.10682489626178177,0.09041835415729503,10.259390493439167,1.0,11.50496475164445,5.91144275519702,1.0,0.023482781358037778
veprek,ctrl,2026,3,2026-03,0.20584389503327394,-0.2098896706902003,0.2163229654293227,9.419446978630596,1.0,16.717504700964362,3.3828396441914905,1.0,0.544330874604848
veseli,FVE_buffer,2026,3,2026-03,0.3543219795976329,-0.043360467699961665,0.05090097284075172,12.165455181967396,1.0,17.097108105837307,2.160389063029473,4.976143680108438,1.0
veseli,ctrl,2026,3,2026-03,0.2521565594539962,-0.0968881626833943,0.14267471549219796,11.3350490619188,1.0,19.722844091009957,2.167479139541731,5.009974055102024,1.0
turany,FVE_buffer,2026,3,2026-03,0.22409160666008257,-0.1954267628506489,0.1463464120579763,9.247173331800985,1.0,16.3759407296143,2.2459649409724256,6.0,1.0
turany,ctrl,2026,3,2026-03,0.3517169137231854,-0.13673965944071356,0.15015068261420672,8.328796589194535,1.0,17.73517287570928,2.195018539732295,6.0,1.0
stribro,FVE_buffer,2026,3,2026-03,0.21792162376805854,-0.3498225516788882,0.2666417893762222,16.935871104082207,1.0,12.676501379596463,4.240719851853695,1.9955506394402258,1.0
stribro,ctrl,2026,3,2026-03,0.6234497189400559,0.2642289691597287,-0.18892541757163966,18.889028082622577,1.0,11.293427503943104,3.849691666472988,2.0,1.0
sokolnice,FVE_buffer,2026,3,2026-03,0.22532553272667755,-0.19105117022751647,0.1435012953616907,9.118092498418129,1.0,17.646768280138044,2.1653292734366762,6.0,1.0
sokolnice,ctrl,2026,3,2026-03,0.3260199147302522,-0.19673775695281306,0.17020096805962429,9.51950909846588,1.0,20.3685623022015,2.1479564975636887,6.0,1.0
brest,FVE_buffer,2026,3,2026-03,0.30913425116599125,-0.12602171404012036,0.10173213268881594,10.0,1.0,13.895241066829287,2.071414510337995,9.0,0.3662664807445952
brest,ctrl,2026,3,2026-03,0.6432854623367015,0.17572875002907248,-0.14427947319924572,9.441296959385282,1.0,,,,0.0
sevetin,FVE_buffer,2026,3,2026-03,0.24412956509214076,-0.08349294430473747,0.07308328453940054,10.16188802361276,1.0,14.53121727479242,4.306196474974578,1.0,0.6904796731318685
sevetin,ctrl,2026,3,2026-03,0.5606648191806555,0.22314338725839344,-0.14131556692485692,9.63701471884138,1.0,9.457337043184165,5.632393559871073,1.0,0.43733387568466014
veprek,FVE_buffer,2026,4,2026-04,0.4674705128494259,0.008856348894207675,0.011823325661160409,11.930922805573664,1.0,23.29403148657464,2.136625470402436,4.193377753653018,1.0
veprek,ctrl,2026,4,2026-04,0.2655752170323098,-0.18528097938841936,0.20812246338729243,11.84441082440417,1.0,30.295373023951043,2.1313960748156067,4.366124868282404,1.0
veseli,FVE_buffer,2026,4,2026-04,0.5862095536523589,0.1844081377419205,-0.14303618483713604,8.542397572764372,1.0,22.328751408917572,2.142705057607588,3.9870467638088782,1.0
veseli,ctrl,2026,4,2026-04,0.3774516221127009,0.0482812788763046,0.008570929783907482,8.498741711051254,1.0,26.165633878428782,2.1499128755120043,4.0,1.0
turany,FVE_buffer,2026,4,2026-04,0.4446843282874253,-0.016767514359759504,0.009124508765367065,8.05923834601461,1.0,22.78850582498549,2.357876072536969,4.0,1.0
turany,ctrl,2026,4,2026-04,0.5617754125662373,0.09834693802699597,-0.06229146164352279,7.862864453639803,1.0,25.624403322682006,2.290925140178462,3.790312613047149,1.0
stribro,FVE_buffer,2026,4,2026-04,0.4208072821594489,-0.2631458094256703,0.2174490988248692,19.995830081699403,1.0,25.159773560760627,2.5244474341606473,6.0,1.0
stribro,ctrl,2026,4,2026-04,0.8208886030601836,0.4707905175401714,-0.421881340806621,20.0,1.0,20.83572292330306,2.4844046761335865,6.0,1.0
sokolnice,FVE_buffer,2026,4,2026-04,0.40371055131150574,-0.009044275997227683,0.010388056892794888,8.053985728011998,1.0,22.84890726921506,2.1688386454708426,4.0,1.0
sokolnice,ctrl,2026,4,2026-04,0.38518713434112833,-0.08321512133319292,0.07222912909436359,8.063205631668874,1.0,26.320120044954756,2.147893967993823,3.9328319261741376,1.0
brest,FVE_buffer,2026,4,2026-04,0.5614125509641341,0.09568835130632437,-0.07801834472409198,7.871774362178383,1.0,19.87278347500126,2.0900250711897996,7.0,0.3662664807445952
brest,ctrl,2026,4,2026-04,0.635328825261457,0.21764301622871515,-0.18515453760190334,8.926809354016516,1.0,,,,0.0
sevetin,FVE_buffer,2026,4,2026-04,0.5121915167105034,0.07348552306969666,-0.041994361078691145,9.421289187997273,1.0,21.96934574934328,2.865518045032134,1.0,1.0
sevetin,ctrl,2026,4,2026-04,0.7531888854706883,0.4522791916832997,-0.3745003485241749,9.098952282780026,1.0,19.217090761161273,2.4058229596953504,1.0,1.0
veprek,FVE_buffer,2026,5,2026-05,0.46682798913858053,0.037773883697631995,-0.006132996884566438,8.967178641819306,1.0,31.49131459035747,2.8246564468358772,3.547601266306986,1.0
veprek,ctrl,2026,5,2026-05,0.4232398168570461,0.03671576046681201,0.004968525271471682,7.828201789315911,1.0,34.309706281252126,2.5727098524762906,3.9481296101159127,1.0
veseli,FVE_buffer,2026,5,2026-05,0.6603924016002283,0.20689789816765652,-0.16252040872488077,13.550269713760873,1.0,34.13332917667971,2.870040410030506,4.404871230091496,1.0
veseli,ctrl,2026,5,2026-05,0.40497590864226946,0.10594092949735383,-0.044947847856546055,13.171069226216959,1.0,36.84569295879396,2.744056004865856,5.381779648936069,1.0
turany,FVE_buffer,2026,5,2026-05,0.5621881523923208,0.07591845698722045,-0.06620951827203167,8.927583211365489,1.0,34.3653773944985,3.570642495283881,2.1234710643217904,1.0
turany,ctrl,2026,5,2026-05,0.5705319892110485,0.15503488954786318,-0.10729217825957872,7.819998291917918,1.0,36.11168160881423,3.7801992644398927,2.4526030989991545,1.0
stribro,FVE_buffer,2026,5,2026-05,0.49996374258536624,-0.15863798043288488,0.1342863633902497,17.181473628961506,1.0,26.876775409017558,2.293155255341101,5.519108636482268,1.0
stribro,ctrl,2026,5,2026-05,0.8251084695674724,0.498394721689137,-0.44173182019248125,15.856714869188966,1.0,22.695282125930483,2.540899047884666,6.378738931368668,1.0
sokolnice,FVE_buffer,2026,5,2026-05,0.47377472023250106,0.017167432365255756,-0.005359617518873109,10.88591637177474,1.0,36.12258059807779,2.6712221211641904,2.8733127702203967,1.0
sokolnice,ctrl,2026,5,2026-05,0.3938802446225059,-0.03387848491010702,0.02826683395206967,10.061011552377476,1.0,40.27950003616132,2.8906853377426125,2.9903279144291113,1.0
brest,FVE_buffer,2026,5,2026-05,0.5557007540216888,0.07930760112896397,-0.059427576598821925,8.8335995384658,1.0,28.110406125934798,3.2098159898477165,3.0739445338615825,0.3662664807445952
brest,ctrl,2026,5,2026-05,0.2636256462489238,-0.17272909564578165,0.19247586900924438,9.315361194573129,1.0,,,,0.0
sevetin,FVE_buffer,2026,5,2026-05,0.5376862143804894,0.04390316482673661,-0.01690032359774979,7.4428713683414465,1.0,31.3648787288222,2.6845366605232583,2.7513968931925215,1.0
sevetin,ctrl,2026,5,2026-05,0.7725124847908806,0.5114889541437146,-0.4242484762843067,7.77309796900091,1.0,25.735927291464858,2.3370519114377686,2.92242739622271,1.0
veprek,FVE_buffer,2026,6,2026-06,0.3182269814805659,-0.1093008936135002,0.10723133189333671,8.669536284767107,1.0,42.19313395894663,3.209307374525971,3.512996404358491,1.0
veprek,ctrl,2026,6,2026-06,0.5155992039193305,0.10733929450513092,-0.04574064469089735,9.736393908236032,1.0,41.821833469094294,2.5174775553213893,3.933672286617494,1.0
veseli,FVE_buffer,2026,6,2026-06,0.5091461332054728,-0.061141880043631976,0.0788358203389224,10.765564535557807,1.0,40.065481243967,2.1527630464249374,5.0,1.0
veseli,ctrl,2026,6,2026-06,0.5074396036650524,0.10862971873412797,-0.02590976399834145,10.643536533668668,1.0,39.08903998412564,2.1591295154101284,5.0,1.0
turany,FVE_buffer,2026,6,2026-06,0.3609081172850474,-0.10266987941904904,0.09228682884845268,9.602132719043547,1.0,38.183409395164034,2.66795510558023,2.259500699811355,1.0
turany,ctrl,2026,6,2026-06,0.4906897008794982,0.1095130335518273,-0.0381246406585624,9.276700923201613,1.0,37.540995059004416,2.496319109489933,2.0,1.0
stribro,FVE_buffer,2026,6,2026-06,0.5018894852568159,-0.11927703706425576,0.08230208392677855,16.656954813223837,1.0,41.90387578732516,2.321357365680268,4.793577012465665,1.0
stribro,ctrl,2026,6,2026-06,0.4141228525630147,0.2571762928141359,-0.11560817786491652,17.846809074475456,1.0,35.72188697168313,2.6609221728991903,5.914472308085613,1.0
sokolnice,FVE_buffer,2026,6,2026-06,0.4066031890588914,-0.11592682278906263,0.1043843985589774,9.45216745564904,1.0,39.67151395394147,2.8558962749129995,2.4149662554044085,1.0
sokolnice,ctrl,2026,6,2026-06,0.5786823711194283,0.10620984284388578,-0.06297332653660906,8.56487273093782,1.0,39.37776343230302,2.6733275778815018,2.0728552406315393,1.0
brest,FVE_buffer,2026,6,2026-06,0.5055581441233943,-0.025791275060793605,0.025446938251442994,10.070773195746428,1.0,31.34118251944443,2.820327473071686,6.0,0.3662664807445952
brest,ctrl,2026,6,2026-06,0.5938370708344838,0.13165837302264544,-0.0908021255873296,10.658116390066263,1.0,,,,0.0
sevetin,FVE_buffer,2026,6,2026-06,0.4981928800647581,0.03371519915129307,-0.016629250596136434,11.155780043363746,1.0,39.08529126544362,3.2582802367648673,5.615608148299838,1.0
sevetin,ctrl,2026,6,2026-06,0.7353035845381175,0.503815161173774,-0.40670841626650456,11.418864831466884,1.0,33.08016693043897,2.8954012230957504,4.133102834019454,1.0
veprek,FVE_buffer,2026,7,2026-07,0.3348968715451652,-0.14041103472220928,0.13646468548417012,9.788988386786647,1.0,43.24758128723859,2.2959490927107247,3.0,1.0
veprek,ctrl,2026,7,2026-07,0.5963206395346272,0.1868853900417944,-0.12799124222091493,7.196542306664521,1.0,41.273513935331515,2.1547014093782972,2.3843519494204433,1.0
veseli,FVE_buffer,2026,7,2026-07,0.4031569050942761,-0.1231678213008327,0.12337147067811285,10.422225317332453,1.0,33.913164385302885,3.03352431379194,6.906319891562182,1.0
veseli,ctrl,2026,7,2026-07,0.5722643651406675,0.18022508109126106,-0.13651481141417196,10.976912628237525,1.0,32.029452184196856,3.1742112465905623,6.534412628417742,1.0
turany,FVE_buffer,2026,7,2026-07,0.34230862277972796,-0.12970978299884736,0.1053004964018667,14.09249331571138,1.0,37.099120458161146,2.7816924024828125,5.0,1.0
turany,ctrl,2026,7,2026-07,0.3401605385016892,-0.06067024749707489,0.08750812082544218,13.607715507208257,1.0,37.16333604878895,2.7373749698541014,5.0,1.0
stribro,FVE_buffer,2026,7,2026-07,0.4239004004691413,-0.2760182751550109,0.2325653875046771,18.852088757519006,1.0,41.05167622293261,2.746203502317892,4.265805794111432,1.0
stribro,ctrl,2026,7,2026-07,0.19767422423752803,-0.1075117373384177,0.16594298646927058,18.289283105427483,1.0,44.895010426621944,2.912875171404008,5.285928990323906,1.0
sokolnice,FVE_buffer,2026,7,2026-07,0.3988521062250175,-0.11937661296802955,0.10130746231842033,10.685061282838461,1.0,40.14134009530885,2.7566806390382808,3.4774992091110426,1.0
sokolnice,ctrl,2026,7,2026-07,0.575859508964016,0.15406633113865467,-0.10130352170992545,10.425287779861614,1.0,36.59307172289125,2.717082546836215,3.546392355979574,1.0
brest,FVE_buffer,2026,7,2026-07,0.43029644946773293,-0.1012469576202014,0.0928148874194332,10.924325522690005,1.0,30.403282983653604,2.4595833849201427,7.0,0.3662664807445952
brest,ctrl,2026,7,2026-07,0.8019350949120775,0.3681274006199994,-0.320195836684776,10.907579371473274,1.0,,,,0.0
sevetin,FVE_buffer,2026,7,2026-07,0.39401863803847886,-0.09078059471958141,0.09372761894428959,7.725061789528772,1.0,35.769651678566,3.2624241582072933,2.744541633755571,1.0
sevetin,ctrl,2026,7,2026-07,0.25726117020963846,-0.023895630326223112,0.11352068573201395,6.291416853077275,1.0,34.21531831839049,3.3557436758796304,2.8953004789990815,1.0
veprek,FVE_buffer,2026,8,2026-08,0.37027614995289687,-0.1379809595752237,0.12914231060457645,10.156855057175887,1.0,37.94375518363295,2.2872828862764503,4.288649503276879,1.0
veprek,ctrl,2026,8,2026-08,0.48765342060318434,0.09122684183996761,-0.031891925784390006,10.616982081377092,1.0,36.61748224253352,2.18738269230769,4.299249209694415,1.0
veseli,FVE_buffer,2026,8,2026-08,0.34462432203161153,-0.1833558700602345,0.1736877930103684,11.014227259723258,1.0,42.754268124789746,2.1439899186716302,1.009886479159607,1.0
veseli,ctrl,2026,8,2026-08,0.48237066275181234,0.10616023019854108,-0.04143994852761481,10.427899013799204,1.0,38.51833576099856,3.0945199005920845,1.8410613649107133,1.0
turany,FVE_buffer,2026,8,2026-08,0.3686887819408125,-0.16657798472374324,0.12829319743896878,13.337194897293495,1.0,35.07072842455006,3.529017601776914,4.025794133755249,1.0
turany,ctrl,2026,8,2026-08,0.2686505874498803,-0.14357463707279272,0.1703476971165542,13.685691128523123,1.0,37.44770235301961,3.3484156819004007,3.9832840950198967,1.0
stribro,FVE_buffer,2026,8,2026-08,0.3426784314355376,-0.328642356060692,0.28152403158008005,18.497492385997095,1.0,36.809068339214065,2.8831376070394303,5.913187755558591,1.0
stribro,ctrl,2026,8,2026-08,0.16562647592876714,-0.12169543085531526,0.1733431511808421,19.11546579089336,1.0,42.761962384294726,2.925943671028263,5.897405505070456,1.0
sokolnice,FVE_buffer,2026,8,2026-08,0.3540297045178682,-0.15732521861126306,0.13703622868057713,13.44104456188043,1.0,37.13270947150113,2.9307257724348874,3.0,1.0
sokolnice,ctrl,2026,8,2026-08,0.35980028710022943,-0.02454632643424115,0.08275009892816507,13.259795461306664,1.0,36.61024862252413,2.6534316637645543,2.8194934226891606,1.0
brest,FVE_buffer,2026,8,2026-08,0.43700825769730745,-0.08917500542718647,0.07999332808141014,13.404851399592394,1.0,33.23089853320542,2.842848056208985,4.062337501547605,0.3662664807445952
brest,ctrl,2026,8,2026-08,0.7861616658706693,0.3598039815569442,-0.30612872384946904,13.23860739996176,1.0,,,,0.0
sevetin,FVE_buffer,2026,8,2026-08,0.30966844618370154,-0.10814829573385308,0.100995242306546,13.0,1.0,30.30471385955944,1.9760891378755479,3.0106778223093347,1.0
sevetin,ctrl,2026,8,2026-08,0.22579151480096135,-0.05471580084173437,0.10579309808711379,12.81003726653873,1.0,32.69026205620603,2.8793306636556824,3.999165433518715,1.0
veprek,FVE_buffer,2026,9,2026-09,0.44852343007808415,0.017724384082805057,-0.01066599724126314,6.699127097133662,1.0,24.70568847088571,3.150585940203795,3.3206459768523806,1.0
veprek,ctrl,2026,9,2026-09,0.4547402459200525,-0.02642828941002646,0.06128389306974129,6.463437328137551,1.0,24.655001351246657,3.148545943097996,3.0,1.0
veseli,FVE_buffer,2026,9,2026-09,0.4292682758402261,0.01680394445594287,-0.006245324756377926,8.485838615933627,1.0,28.537275541886384,2.9330667146729943,2.6312690613351397,1.0
veseli,ctrl,2026,9,2026-09,0.2201620845604645,-0.10070338107506088,0.14087273983047374,8.674453962778728,1.0,28.71344459302472,2.904573144654676,2.7016146659950775,1.0
turany,FVE_buffer,2026,9,2026-09,0.3026104896876561,-0.22909997025375414,0.16797206765804282,6.100819522517011,1.0,33.12479002651747,2.9829106447392433,2.0,1.0
turany,ctrl,2026,9,2026-09,0.26220715997011756,-0.2312098010302542,0.23861709045606294,6.005674349128618,1.0,35.919551381081334,2.9406893238273235,2.0,1.0
stribro,FVE_buffer,2026,9,2026-09,0.3539374020563509,-0.3261138897402106,0.2582767133911154,21.852760032873086,1.0,21.563645369013326,3.866934229005353,6.509799778774811,1.0
stribro,ctrl,2026,9,2026-09,0.703067468577214,0.22872178802225981,-0.17512176427041787,22.424025316433905,1.0,22.768477961999245,3.707651513390817,5.61308790604349,1.0
sokolnice,FVE_buffer,2026,9,2026-09,0.3673606324584159,-0.10554902514351902,0.07198237880652772,7.013961472662931,1.0,33.63650217389198,2.56180256775282,2.0,1.0
sokolnice,ctrl,2026,9,2026-09,0.26286242223499734,-0.23335158027422545,0.23877527161765644,6.982562244604346,1.0,31.738645526799765,2.6770127010140325,2.0,1.0
brest,FVE_buffer,2026,9,2026-09,0.4175433290130957,-0.05874101176370177,0.04768955086718932,7.605664123022041,1.0,28.140514176379874,2.0896211464652708,5.0,0.3662664807445952
brest,ctrl,2026,9,2026-09,0.5901334996964709,0.16117163542392385,-0.11398975374409419,7.451948002073771,1.0,,,,0.0
sevetin,FVE_buffer,2026,9,2026-09,0.4245039648247034,-0.0392829310091289,0.03407261992831378,8.974653561471504,1.0,26.065337844035316,3.731035992549894,2.56021999239388,1.0
sevetin,ctrl,2026,9,2026-09,0.17769141169196676,-0.09697322432040496,0.14711956034161167,7.9066770448873624,1.0,24.366798100973853,3.314296334219327,3.0,1.0
